date,department,applicant,category,amount
2026-08-03,Sales,Tanaka,transport,1200
2026-08-03,Market,Suzuki,other,4500
2026-08-04,Human Resource,Sato,house,30000
2026-08-05,Account,Takahashi,transport,860
2026-08-05,Sales,Ito,transport,-1500
2026-08-06,Sales,Tanaka,transport,2400
2026-08-07,Sales,Ito,other,15800
2026-08-10,Market,Suzuki,transport,1980
2026-08-11,Account,Watanabe,other,3200
2026-08-12,Human Resource,Sato,other,7600
2026-08-12,Account,Watanabe,meal,2200
2026-08-13,Sales,Kobayashi,transport,3100
2026-08-17,Market,Yamamoto,house,28000
2026-08-18,Account,Takahashi,other,5400
2026-08-19,Sales,Ito,transport,1500
2026-08-19,Sales,,transport,1800
2026-08-20,Human Resource,Nakamura,transport,940
2026-08-24,Market,Suzuki,other,12000
2026-08-25,Sales,Kobayashi,other,6800
2026-08-26,Account,Watanabe,transport,2700
2026-08-26,Legal,Kobayashi,other,9000
2026-08-27,Sales,Tanaka,house,30000
2026-08-32,Market,Suzuki,other,3000
2026-09-01,Market,Yamamoto,transport,1760
2026-09-01,Market,Yamamoto,other,abc
2026-09-02,Human Resource,Sato,transport,1320